<?xml version="1.0" encoding="utf-8"?>
<FieldChooser xmlns:xsi="http://www.w3.org/2001/XMLSchema-instance" xmlns:xsd="http://www.w3.org/2001/XMLSchema" Version="7.0">
  <FieldRenderers>
    <FieldRenderer Name="@Filename" Lock="true" Show="true" Width="150" Type="Default" Fixed="true" />
    <FieldRenderer Name="@Classname" Lock="false" Show="false" Width="100" Type="Default" Fixed="true" />
    <FieldRenderer Name="@Confidence" Lock="false" Show="false" Width="100" Type="Percent" Fixed="true" />
    <FieldRenderer Name="@AssignedClass" Lock="true" Show="true" Width="100" Type="Default" Fixed="true" />
    <FieldRenderer Name="@FallbackReason" Lock="false" Show="false" Width="200" Type="Default" Fixed="true" />
    <FieldRenderer Name="@FallbackEngineName" Lock="false" Show="false" Width="100" Type="Default" Fixed="true" />
    <FieldRenderer Name="Addres" Lock="false" Show="false" Width="100" Type="Default" Fixed="false" />
    <FieldRenderer Name="ADM_Code" Lock="false" Show="false" Width="100" Type="Default" Fixed="false" />
    <FieldRenderer Name="Bankrekening" Lock="false" Show="false" Width="100" Type="Default" Fixed="false" />
    <FieldRenderer Name="Crediteurnr" Lock="false" Show="true" Width="100" Type="Default" Fixed="false" />
    <FieldRenderer Name="Email" Lock="false" Show="false" Width="100" Type="Default" Fixed="false" />
    <FieldRenderer Name="Entiteit_element" Lock="false" Show="false" Width="100" Type="Default" Fixed="false" />
    <FieldRenderer Name="ExportFilename" Lock="false" Show="false" Width="100" Type="Default" Fixed="false" />
    <FieldRenderer Name="Grootboek_A0" Lock="false" Show="false" Width="100" Type="Default" Fixed="false" />
    <FieldRenderer Name="Huisnummer" Lock="false" Show="false" Width="100" Type="Default" Fixed="false" />
    <FieldRenderer Name="IBAN" Lock="false" Show="true" Width="100" Type="Default" Fixed="false" />
    <FieldRenderer Name="InvoiceDate" Lock="false" Show="true" Width="100" Type="Default" Fixed="false" />
    <FieldRenderer Name="InvoiceNumber" Lock="false" Show="true" Width="100" Type="Default" Fixed="false" />
    <FieldRenderer Name="Kostenplaats_C1" Lock="false" Show="false" Width="100" Type="Default" Fixed="false" />
    <FieldRenderer Name="Naam" Lock="false" Show="true" Width="100" Type="Default" Fixed="false" />
    <FieldRenderer Name="Ordernumber" Lock="false" Show="true" Width="100" Type="Default" Fixed="false" />
    <FieldRenderer Name="Postcode" Lock="false" Show="false" Width="100" Type="Default" Fixed="false" />
    <FieldRenderer Name="Project_B0" Lock="false" Show="false" Width="100" Type="Default" Fixed="false" />
    <FieldRenderer Name="Reference" Lock="false" Show="true" Width="100" Type="Default" Fixed="false" />
    <FieldRenderer Name="Subtotal" Lock="false" Show="true" Width="100" Type="Default" Fixed="false" />
    <FieldRenderer Name="Total" Lock="false" Show="true" Width="100" Type="Default" Fixed="false" />
    <FieldRenderer Name="Valuta" Lock="false" Show="false" Width="100" Type="Default" Fixed="false" />
    <FieldRenderer Name="VatHigh" Lock="false" Show="true" Width="100" Type="Default" Fixed="false" />
    <FieldRenderer Name="VatLow" Lock="false" Show="true" Width="100" Type="Default" Fixed="false" />
    <FieldRenderer Name="VatZero" Lock="false" Show="true" Width="100" Type="Default" Fixed="false" />
    <FieldRenderer Name="Woonplaats" Lock="false" Show="false" Width="100" Type="Default" Fixed="false" />
    <FieldRenderer Name="Actions" Lock="false" Show="false" Width="100" Type="Default" Fixed="false" />
    <FieldRenderer Name="ExportfactuurDatum" Lock="false" Show="false" Width="100" Type="Default" Fixed="false" />
    <FieldRenderer Name="PO_Plichtig" Lock="false" Show="false" Width="100" Type="Default" Fixed="false" />
    <FieldRenderer Name="ReferenceNumber" Lock="false" Show="false" Width="100" Type="Default" Fixed="false" />
    <FieldRenderer Name="Zaaknummer" Lock="false" Show="true" Width="100" Type="Default" Fixed="false" />
  </FieldRenderers>
</FieldChooser>