<?xml version="1.0" encoding="utf-8"?>
<ConfigSetFile xmlns:xsi="http://www.w3.org/2001/XMLSchema-instance" xmlns:xsd="http://www.w3.org/2001/XMLSchema">
  <Name>DefaultTAConfigSet</Name>
  <Groups>
    <ConfigSetGroup>
      <Name>OnlineLearning</Name>
      <Objects />
      <Properties>
        <ConfigSetProperty>
          <Name>Path</Name>
          <Value />
          <Index>0</Index>
        </ConfigSetProperty>
      </Properties>
    </ConfigSetGroup>
  </Groups>
</ConfigSetFile>