<?xml version="1.0" encoding="utf-8"?>
<ConfigSetFile xmlns:xsi="http://www.w3.org/2001/XMLSchema-instance" xmlns:xsd="http://www.w3.org/2001/XMLSchema">
  <Name>DefaultTAConfigSet</Name>
  <Groups>
    <ConfigSetGroup>
      <Name>OnlineLearning</Name>
      <Objects />
      <Properties>
        <ConfigSetProperty>
          <Name>Path</Name>
          <Value>C:\ProgramData\Kofax Transformation\OnlineLearning\project</Value>
          <Index>0</Index>
        </ConfigSetProperty>
      </Properties>
    </ConfigSetGroup>
    <ConfigSetGroup>
      <Name>RelationalConnections</Name>
      <Objects>
        <ConfigSetObject>
          <Name>test</Name>
          <Properties>
            <ConfigSetProperty>
              <Name>ConnectionString</Name>
              <Value>data source=localhost\KOFAXAPPS;initial catalog=TotalAgility;user id=sa;password=*****;connect timeout=30</Value>
              <Index>0</Index>
            </ConfigSetProperty>
            <ConfigSetProperty>
              <Name>EncryptedPassword</Name>
              <Value>0+ixEjcLlTs=</Value>
              <Index>0</Index>
            </ConfigSetProperty>
          </Properties>
        </ConfigSetObject>
      </Objects>
      <Properties />
    </ConfigSetGroup>
  </Groups>
</ConfigSetFile>